<?xml version="1.0" encoding="UTF-8"?>
<project-private xmlns="http://www.netbeans.org/ns/project-private/1">
    <editor-bookmarks xmlns="http://www.netbeans.org/ns/editor-bookmarks/2" lastBookmarkId="0"/>
    <open-files xmlns="http://www.netbeans.org/ns/projectui-open-files/2">
        <group>
            <file>file:/E:/CS275/FinalProject/ARAedit1/AthleteRehabApplication/src/athleterehabapplication/InjuryReport.java</file>
            <file>file:/E:/CS275/FinalProject/ARAedit1/AthleteRehabApplication/src/athleterehabapplication/InjuryReportForm.java</file>
            <file>file:/E:/CS275/FinalProject/ARAedit1/AthleteRehabApplication/src/athleterehabapplication/FormType.java</file>
            <file>file:/E:/CS275/FinalProject/ARAedit1/AthleteRehabApplication/src/athleterehabapplication/Trainer.java</file>
            <file>file:/E:/CS275/FinalProject/ARAedit1/AthleteRehabApplication/src/athleterehabapplication/UserType.java</file>
            <file>file:/E:/CS275/FinalProject/ARAedit1/AthleteRehabApplication/src/athleterehabapplication/FormFactory.java</file>
            <file>file:/E:/CS275/FinalProject/ARAedit1/AthleteRehabApplication/src/athleterehabapplication/RegisterForm.java</file>
            <file>file:/E:/CS275/FinalProject/ARAedit1/AthleteRehabApplication/src/athleterehabapplication/User.java</file>
            <file>file:/E:/CS275/FinalProject/ARAedit1/AthleteRehabApplication/src/athleterehabapplication/Athlete.java</file>
            <file>file:/E:/CS275/FinalProject/ARAedit1/AthleteRehabApplication/src/athleterehabapplication/RegisteredUsers.java</file>
            <file>file:/E:/CS275/FinalProject/ARAedit1/AthleteRehabApplication/src/athleterehabapplication/PlanForm.java</file>
            <file>file:/E:/CS275/FinalProject/ARAedit1/AthleteRehabApplication/src/athleterehabapplication/AppFrame.java</file>
            <file>file:/E:/CS275/FinalProject/ARAedit1/AthleteRehabApplication/src/athleterehabapplication/Plan.java</file>
            <file>file:/E:/CS275/FinalProject/ARAedit1/AthleteRehabApplication/src/athleterehabapplication/AthleteRehabApplication.java</file>
        </group>
    </open-files>
</project-private>
